category,variable,var_definition,table_name,link_data_census,source_text
Population,B01003_001,Total count of the population.,Total Population,https://data.census.gov/table?q=B01003&g=050XX00US30049,U.S. Census Bureau. Total Population. American Community Survey 5-Year Estimates. Table B01003.
Population,B01002_001,Median age of the total population.,Median Age By Sex,https://data.census.gov/table?q=B01002&g=050XX00US30049,U.S. Census Bureau. Median Age By Sex. American Community Survey 5-Year Estimates. Table B01002.
Population,B02001_002,People identifying as White alone.,Race,https://data.census.gov/table?q=B02001&g=050XX00US30049,U.S. Census Bureau. Race. American Community Survey 5-Year Estimates. Table B02001.
Population,B02001_003,People identifying as Black or African American alone.,Race,https://data.census.gov/table?q=B02001&g=050XX00US30049,U.S. Census Bureau. Race. American Community Survey 5-Year Estimates. Table B02001.
Population,B02001_004,People identifying as American Indian and Alaska Native alone.,Race,https://data.census.gov/table?q=B02001&g=050XX00US30049,U.S. Census Bureau. Race. American Community Survey 5-Year Estimates. Table B02001.
Population,B02001_005,People identifying as Asian alone.,Race,https://data.census.gov/table?q=B02001&g=050XX00US30049,U.S. Census Bureau. Race. American Community Survey 5-Year Estimates. Table B02001.
Population,B02001_006,People identifying as Native Hawaiian and Other Pacific Islander alone.,Race,https://data.census.gov/table?q=B02001&g=050XX00US30049,U.S. Census Bureau. Race. American Community Survey 5-Year Estimates. Table B02001.
Population,B02001_007,People identifying as some other race alone.,Race,https://data.census.gov/table?q=B02001&g=050XX00US30049,U.S. Census Bureau. Race. American Community Survey 5-Year Estimates. Table B02001.
Population,B02001_008,Total people identifying with two or more races.,Race,https://data.census.gov/table?q=B02001&g=050XX00US30049,U.S. Census Bureau. Race. American Community Survey 5-Year Estimates. Table B02001.
Population,B02001_009,People identifying with two races including 'Some other race'.,Race,https://data.census.gov/table?q=B02001&g=050XX00US30049,U.S. Census Bureau. Race. American Community Survey 5-Year Estimates. Table B02001.
Population,B02001_010,"People identifying with two races excluding 'Some other race', and three or more races.",Race,https://data.census.gov/table?q=B02001&g=050XX00US30049,U.S. Census Bureau. Race. American Community Survey 5-Year Estimates. Table B02001.
Population,B03003_003,People identifying as Hispanic or Latino (of any race).,Hispanic Or Latino Origin,https://data.census.gov/table?q=B03003&g=050XX00US30049,U.S. Census Bureau. Hispanic Or Latino Origin. American Community Survey 5-Year Estimates. Table B03003.
Population,S0101_C01_002,Population aged under 5 years.,Age And Sex,https://data.census.gov/table?q=S0101&g=050XX00US30049,U.S. Census Bureau. Age And Sex. American Community Survey 5-Year Estimates. Table S0101.
Population,S0101_C01_003,Population aged 5 to 9 years.,Age And Sex,https://data.census.gov/table?q=S0101&g=050XX00US30049,U.S. Census Bureau. Age And Sex. American Community Survey 5-Year Estimates. Table S0101.
Population,S0101_C01_004,Population aged 10 to 14 years.,Age And Sex,https://data.census.gov/table?q=S0101&g=050XX00US30049,U.S. Census Bureau. Age And Sex. American Community Survey 5-Year Estimates. Table S0101.
Population,S0101_C01_005,Population aged 15 to 19 years.,Age And Sex,https://data.census.gov/table?q=S0101&g=050XX00US30049,U.S. Census Bureau. Age And Sex. American Community Survey 5-Year Estimates. Table S0101.
Population,S0101_C01_006,Population aged 20 to 24 years.,Age And Sex,https://data.census.gov/table?q=S0101&g=050XX00US30049,U.S. Census Bureau. Age And Sex. American Community Survey 5-Year Estimates. Table S0101.
Population,S0101_C01_007,Population aged 25 to 29 years.,Age And Sex,https://data.census.gov/table?q=S0101&g=050XX00US30049,U.S. Census Bureau. Age And Sex. American Community Survey 5-Year Estimates. Table S0101.
Population,S0101_C01_008,Population aged 30 to 34 years.,Age And Sex,https://data.census.gov/table?q=S0101&g=050XX00US30049,U.S. Census Bureau. Age And Sex. American Community Survey 5-Year Estimates. Table S0101.
Population,S0101_C01_009,Population aged 35 to 39 years.,Age And Sex,https://data.census.gov/table?q=S0101&g=050XX00US30049,U.S. Census Bureau. Age And Sex. American Community Survey 5-Year Estimates. Table S0101.
Population,S0101_C01_010,Population aged 40 to 44 years.,Age And Sex,https://data.census.gov/table?q=S0101&g=050XX00US30049,U.S. Census Bureau. Age And Sex. American Community Survey 5-Year Estimates. Table S0101.
Population,S0101_C01_011,Population aged 45 to 49 years.,Age And Sex,https://data.census.gov/table?q=S0101&g=050XX00US30049,U.S. Census Bureau. Age And Sex. American Community Survey 5-Year Estimates. Table S0101.
Population,S0101_C01_012,Population aged 50 to 54 years.,Age And Sex,https://data.census.gov/table?q=S0101&g=050XX00US30049,U.S. Census Bureau. Age And Sex. American Community Survey 5-Year Estimates. Table S0101.
Population,S0101_C01_013,Population aged 55 to 59 years.,Age And Sex,https://data.census.gov/table?q=S0101&g=050XX00US30049,U.S. Census Bureau. Age And Sex. American Community Survey 5-Year Estimates. Table S0101.
Population,S0101_C01_014,Population aged 60 to 64 years.,Age And Sex,https://data.census.gov/table?q=S0101&g=050XX00US30049,U.S. Census Bureau. Age And Sex. American Community Survey 5-Year Estimates. Table S0101.
Population,S0101_C01_015,Population aged 65 to 69 years.,Age And Sex,https://data.census.gov/table?q=S0101&g=050XX00US30049,U.S. Census Bureau. Age And Sex. American Community Survey 5-Year Estimates. Table S0101.
Population,S0101_C01_016,Population aged 70 to 74 years.,Age And Sex,https://data.census.gov/table?q=S0101&g=050XX00US30049,U.S. Census Bureau. Age And Sex. American Community Survey 5-Year Estimates. Table S0101.
Population,S0101_C01_017,Population aged 75 to 79 years.,Age And Sex,https://data.census.gov/table?q=S0101&g=050XX00US30049,U.S. Census Bureau. Age And Sex. American Community Survey 5-Year Estimates. Table S0101.
Population,S0101_C01_018,Population aged 80 to 84 years.,Age And Sex,https://data.census.gov/table?q=S0101&g=050XX00US30049,U.S. Census Bureau. Age And Sex. American Community Survey 5-Year Estimates. Table S0101.
Population,S0101_C01_019,Population aged 85 years and over.,Age And Sex,https://data.census.gov/table?q=S0101&g=050XX00US30049,U.S. Census Bureau. Age And Sex. American Community Survey 5-Year Estimates. Table S0101.
Population,S0101_C01_022,Total population under 18 years of age.,Age And Sex,https://data.census.gov/table?q=S0101&g=050XX00US30049,U.S. Census Bureau. Age And Sex. American Community Survey 5-Year Estimates. Table S0101.
Population,S0101_C01_030,Total population 65 years and over.,Age And Sex,https://data.census.gov/table?q=S0101&g=050XX00US30049,U.S. Census Bureau. Age And Sex. American Community Survey 5-Year Estimates. Table S0101.
Population,S0101_C01_034,Age dependency ratio: ((Pop <18 + Pop 65+) / Pop 18-64) * 100.,Age And Sex,https://data.census.gov/table?q=S0101&g=050XX00US30049,U.S. Census Bureau. Age And Sex. American Community Survey 5-Year Estimates. Table S0101.
Population,S0101_C01_035,Old-age dependency ratio: (Pop 65+ / Pop 18-64) * 100.,Age And Sex,https://data.census.gov/table?q=S0101&g=050XX00US30049,U.S. Census Bureau. Age And Sex. American Community Survey 5-Year Estimates. Table S0101.
Population,S0101_C01_036,Child dependency ratio: (Pop <18 / Pop 18-64) * 100.,Age And Sex,https://data.census.gov/table?q=S0101&g=050XX00US30049,U.S. Census Bureau. Age And Sex. American Community Survey 5-Year Estimates. Table S0101.
Population,B21001_002,Civilian veterans 18 years and over.,Sex By Age By Veteran Status For The Civilian Population 18 Years And Over,https://data.census.gov/table?q=B21001&g=050XX00US30049,U.S. Census Bureau. Sex By Age By Veteran Status For The Civilian Population 18 Years And Over. American Community Survey 5-Year Estimates. Table B21001.
Population,B05002_013,Foreign-born population (not a US citizen at birth).,Place Of Birth By Nativity And Citizenship Status,https://data.census.gov/table?q=B05002&g=050XX00US30049,U.S. Census Bureau. Place Of Birth By Nativity And Citizenship Status. American Community Survey 5-Year Estimates. Table B05002.
Population,S0101_C01_001,Total population estimate from the Subject table (Age Denominator).,Age And Sex,https://data.census.gov/table?q=S0101&g=050XX00US30049,U.S. Census Bureau. Age And Sex. American Community Survey 5-Year Estimates. Table S0101.
Population,B21001_001,Civilian population 18 years and over (Veterans Denominator).,Sex By Age By Veteran Status For The Civilian Population 18 Years And Over,https://data.census.gov/table?q=B21001&g=050XX00US30049,U.S. Census Bureau. Sex By Age By Veteran Status For The Civilian Population 18 Years And Over. American Community Survey 5-Year Estimates. Table B21001.
Housing,B25002_001,Total count of all housing units (occupied + vacant).,Occupancy Status,https://data.census.gov/table?q=B25002&g=050XX00US30049,U.S. Census Bureau. Occupancy Status. American Community Survey 5-Year Estimates. Table B25002.
Housing,B25002_002,Housing units currently inhabited by a household.,Occupancy Status,https://data.census.gov/table?q=B25002&g=050XX00US30049,U.S. Census Bureau. Occupancy Status. American Community Survey 5-Year Estimates. Table B25002.
Housing,B25002_003,Housing units not currently inhabited.,Occupancy Status,https://data.census.gov/table?q=B25002&g=050XX00US30049,U.S. Census Bureau. Occupancy Status. American Community Survey 5-Year Estimates. Table B25002.
Housing,B25106_002,Occupied units where the owner lives in the unit.,Tenure By Housing Costs As A Percentage Of Household Income In The Past 12 Months,https://data.census.gov/table?q=B25106&g=050XX00US30049,U.S. Census Bureau. Tenure By Housing Costs As A Percentage Of Household Income In The Past 12 Months. American Community Survey 5-Year Estimates. Table B25106.
Housing,B25106_024,Occupied units where the resident rents the unit.,Tenure By Housing Costs As A Percentage Of Household Income In The Past 12 Months,https://data.census.gov/table?q=B25106&g=050XX00US30049,U.S. Census Bureau. Tenure By Housing Costs As A Percentage Of Household Income In The Past 12 Months. American Community Survey 5-Year Estimates. Table B25106.
Housing,B25077_001,Median value of owner-occupied housing units (estimated market value).,Median Value (Dollars),https://data.census.gov/table?q=B25077&g=050XX00US30049,U.S. Census Bureau. Median Value (Dollars). American Community Survey 5-Year Estimates. Table B25077.
Housing,B25064_001,Median monthly rent plus the estimated average monthly cost of utilities.,Median Gross Rent (Dollars),https://data.census.gov/table?q=B25064&g=050XX00US30049,U.S. Census Bureau. Median Gross Rent (Dollars). American Community Survey 5-Year Estimates. Table B25064.
Housing,B25070_010,Renters spending 50% or more of household income on gross rent.,Gross Rent As A Percentage Of Household Income In The Past 12 Months,https://data.census.gov/table?q=B25070&g=050XX00US30049,U.S. Census Bureau. Gross Rent As A Percentage Of Household Income In The Past 12 Months. American Community Survey 5-Year Estimates. Table B25070.
Housing,B25091_021,Owners spending 50% or more of household income on selected monthly owner costs.,Mortgage Status By Selected Monthly Owner Costs As A Percentage Of Household Income In The Past 12 Months,https://data.census.gov/table?q=B25091&g=050XX00US30049,U.S. Census Bureau. Mortgage Status By Selected Monthly Owner Costs As A Percentage Of Household Income In The Past 12 Months. American Community Survey 5-Year Estimates. Table B25091.
Housing,B25070_001,Total renter households for which gross rent is calculated (Denominator).,Gross Rent As A Percentage Of Household Income In The Past 12 Months,https://data.census.gov/table?q=B25070&g=050XX00US30049,U.S. Census Bureau. Gross Rent As A Percentage Of Household Income In The Past 12 Months. American Community Survey 5-Year Estimates. Table B25070.
Housing,B25091_001,Total owner households for which owner costs are calculated (Denominator).,Mortgage Status By Selected Monthly Owner Costs As A Percentage Of Household Income In The Past 12 Months,https://data.census.gov/table?q=B25091&g=050XX00US30049,U.S. Census Bureau. Mortgage Status By Selected Monthly Owner Costs As A Percentage Of Household Income In The Past 12 Months. American Community Survey 5-Year Estimates. Table B25091.
Housing,B25024_001,Total housing units (Structure Type Denominator).,Units In Structure,https://data.census.gov/table?q=B25024&g=050XX00US30049,U.S. Census Bureau. Units In Structure. American Community Survey 5-Year Estimates. Table B25024.
Housing,B25024_002,1-unit structures detached from any other house.,Units In Structure,https://data.census.gov/table?q=B25024&g=050XX00US30049,U.S. Census Bureau. Units In Structure. American Community Survey 5-Year Estimates. Table B25024.
Housing,B25024_003,"1-unit structures attached to another house (e.g., row houses, townhomes).",Units In Structure,https://data.census.gov/table?q=B25024&g=050XX00US30049,U.S. Census Bureau. Units In Structure. American Community Survey 5-Year Estimates. Table B25024.
Housing,B25024_004,Structures containing exactly 2 housing units (duplexes).,Units In Structure,https://data.census.gov/table?q=B25024&g=050XX00US30049,U.S. Census Bureau. Units In Structure. American Community Survey 5-Year Estimates. Table B25024.
Housing,B25024_005,Structures containing 3 or 4 housing units.,Units In Structure,https://data.census.gov/table?q=B25024&g=050XX00US30049,U.S. Census Bureau. Units In Structure. American Community Survey 5-Year Estimates. Table B25024.
Housing,B25024_006,Structures containing 5 to 9 housing units.,Units In Structure,https://data.census.gov/table?q=B25024&g=050XX00US30049,U.S. Census Bureau. Units In Structure. American Community Survey 5-Year Estimates. Table B25024.
Housing,B25024_007,Structures containing 10 to 19 housing units.,Units In Structure,https://data.census.gov/table?q=B25024&g=050XX00US30049,U.S. Census Bureau. Units In Structure. American Community Survey 5-Year Estimates. Table B25024.
Housing,B25024_008,Structures containing 20 to 49 housing units.,Units In Structure,https://data.census.gov/table?q=B25024&g=050XX00US30049,U.S. Census Bureau. Units In Structure. American Community Survey 5-Year Estimates. Table B25024.
Housing,B25024_009,Structures containing 50 or more housing units.,Units In Structure,https://data.census.gov/table?q=B25024&g=050XX00US30049,U.S. Census Bureau. Units In Structure. American Community Survey 5-Year Estimates. Table B25024.
Housing,B25024_010,Mobile homes or trailers used as permanent housing.,Units In Structure,https://data.census.gov/table?q=B25024&g=050XX00US30049,U.S. Census Bureau. Units In Structure. American Community Survey 5-Year Estimates. Table B25024.
Housing,B25024_011,"Non-traditional housing units like boats, RVs, or vans.",Units In Structure,https://data.census.gov/table?q=B25024&g=050XX00US30049,U.S. Census Bureau. Units In Structure. American Community Survey 5-Year Estimates. Table B25024.
Housing,B25035_001,Median year the structure was originally constructed.,Median Year Structure Built,https://data.census.gov/table?q=B25035&g=050XX00US30049,U.S. Census Bureau. Median Year Structure Built. American Community Survey 5-Year Estimates. Table B25035.
Housing,B25040_001,Total occupied housing units (Heating Fuel Denominator).,House Heating Fuel,https://data.census.gov/table?q=B25040&g=050XX00US30049,U.S. Census Bureau. House Heating Fuel. American Community Survey 5-Year Estimates. Table B25040.
Housing,B25040_002,Homes heated primarily by utility gas from underground pipes.,House Heating Fuel,https://data.census.gov/table?q=B25040&g=050XX00US30049,U.S. Census Bureau. House Heating Fuel. American Community Survey 5-Year Estimates. Table B25040.
Housing,B25040_003,"Homes heated primarily by bottled, tank, or LP gas.",House Heating Fuel,https://data.census.gov/table?q=B25040&g=050XX00US30049,U.S. Census Bureau. House Heating Fuel. American Community Survey 5-Year Estimates. Table B25040.
Housing,B25040_004,Homes heated primarily by electricity.,House Heating Fuel,https://data.census.gov/table?q=B25040&g=050XX00US30049,U.S. Census Bureau. House Heating Fuel. American Community Survey 5-Year Estimates. Table B25040.
Housing,B25040_006,Homes heated primarily by wood.,House Heating Fuel,https://data.census.gov/table?q=B25040&g=050XX00US30049,U.S. Census Bureau. House Heating Fuel. American Community Survey 5-Year Estimates. Table B25040.
Housing,B25106_003,Total owner households earning <$20k (Denominator).,Tenure By Housing Costs As A Percentage Of Household Income In The Past 12 Months,https://data.census.gov/table?q=B25106&g=050XX00US30049,U.S. Census Bureau. Tenure By Housing Costs As A Percentage Of Household Income In The Past 12 Months. American Community Survey 5-Year Estimates. Table B25106.
Housing,B25106_006,Owner households earning <$20k spending >30% of income on housing.,Tenure By Housing Costs As A Percentage Of Household Income In The Past 12 Months,https://data.census.gov/table?q=B25106&g=050XX00US30049,U.S. Census Bureau. Tenure By Housing Costs As A Percentage Of Household Income In The Past 12 Months. American Community Survey 5-Year Estimates. Table B25106.
Housing,B25106_007,"Total owner households earning $20k-$34,999 (Denominator).",Tenure By Housing Costs As A Percentage Of Household Income In The Past 12 Months,https://data.census.gov/table?q=B25106&g=050XX00US30049,U.S. Census Bureau. Tenure By Housing Costs As A Percentage Of Household Income In The Past 12 Months. American Community Survey 5-Year Estimates. Table B25106.
Housing,B25106_010,"Owner households earning $20k-$34,999 spending >30% of income on housing.",Tenure By Housing Costs As A Percentage Of Household Income In The Past 12 Months,https://data.census.gov/table?q=B25106&g=050XX00US30049,U.S. Census Bureau. Tenure By Housing Costs As A Percentage Of Household Income In The Past 12 Months. American Community Survey 5-Year Estimates. Table B25106.
Housing,B25106_011,"Total owner households earning $35k-$49,999 (Denominator).",Tenure By Housing Costs As A Percentage Of Household Income In The Past 12 Months,https://data.census.gov/table?q=B25106&g=050XX00US30049,U.S. Census Bureau. Tenure By Housing Costs As A Percentage Of Household Income In The Past 12 Months. American Community Survey 5-Year Estimates. Table B25106.
Housing,B25106_014,"Owner households earning $35k-$49,999 spending >30% of income on housing.",Tenure By Housing Costs As A Percentage Of Household Income In The Past 12 Months,https://data.census.gov/table?q=B25106&g=050XX00US30049,U.S. Census Bureau. Tenure By Housing Costs As A Percentage Of Household Income In The Past 12 Months. American Community Survey 5-Year Estimates. Table B25106.
Housing,B25106_015,"Total owner households earning $50k-$74,999 (Denominator).",Tenure By Housing Costs As A Percentage Of Household Income In The Past 12 Months,https://data.census.gov/table?q=B25106&g=050XX00US30049,U.S. Census Bureau. Tenure By Housing Costs As A Percentage Of Household Income In The Past 12 Months. American Community Survey 5-Year Estimates. Table B25106.
Housing,B25106_018,"Owner households earning $50k-$74,999 spending >30% of income on housing.",Tenure By Housing Costs As A Percentage Of Household Income In The Past 12 Months,https://data.census.gov/table?q=B25106&g=050XX00US30049,U.S. Census Bureau. Tenure By Housing Costs As A Percentage Of Household Income In The Past 12 Months. American Community Survey 5-Year Estimates. Table B25106.
Housing,B25106_019,Total owner households earning >$75k (Denominator).,Tenure By Housing Costs As A Percentage Of Household Income In The Past 12 Months,https://data.census.gov/table?q=B25106&g=050XX00US30049,U.S. Census Bureau. Tenure By Housing Costs As A Percentage Of Household Income In The Past 12 Months. American Community Survey 5-Year Estimates. Table B25106.
Housing,B25106_022,Owner households earning >$75k spending >30% of income on housing.,Tenure By Housing Costs As A Percentage Of Household Income In The Past 12 Months,https://data.census.gov/table?q=B25106&g=050XX00US30049,U.S. Census Bureau. Tenure By Housing Costs As A Percentage Of Household Income In The Past 12 Months. American Community Survey 5-Year Estimates. Table B25106.
Housing,B25106_025,Total renter households earning <$20k (Denominator).,Tenure By Housing Costs As A Percentage Of Household Income In The Past 12 Months,https://data.census.gov/table?q=B25106&g=050XX00US30049,U.S. Census Bureau. Tenure By Housing Costs As A Percentage Of Household Income In The Past 12 Months. American Community Survey 5-Year Estimates. Table B25106.
Housing,B25106_028,Renter households earning <$20k spending >30% of income on housing.,Tenure By Housing Costs As A Percentage Of Household Income In The Past 12 Months,https://data.census.gov/table?q=B25106&g=050XX00US30049,U.S. Census Bureau. Tenure By Housing Costs As A Percentage Of Household Income In The Past 12 Months. American Community Survey 5-Year Estimates. Table B25106.
Housing,B25106_029,"Total renter households earning $20k-$34,999 (Denominator).",Tenure By Housing Costs As A Percentage Of Household Income In The Past 12 Months,https://data.census.gov/table?q=B25106&g=050XX00US30049,U.S. Census Bureau. Tenure By Housing Costs As A Percentage Of Household Income In The Past 12 Months. American Community Survey 5-Year Estimates. Table B25106.
Housing,B25106_032,"Renter households earning $20k-$34,999 spending >30% of income on housing.",Tenure By Housing Costs As A Percentage Of Household Income In The Past 12 Months,https://data.census.gov/table?q=B25106&g=050XX00US30049,U.S. Census Bureau. Tenure By Housing Costs As A Percentage Of Household Income In The Past 12 Months. American Community Survey 5-Year Estimates. Table B25106.
Housing,B25106_033,"Total renter households earning $35k-$49,999 (Denominator).",Tenure By Housing Costs As A Percentage Of Household Income In The Past 12 Months,https://data.census.gov/table?q=B25106&g=050XX00US30049,U.S. Census Bureau. Tenure By Housing Costs As A Percentage Of Household Income In The Past 12 Months. American Community Survey 5-Year Estimates. Table B25106.
Housing,B25106_036,"Renter households earning $35k-$49,999 spending >30% of income on housing.",Tenure By Housing Costs As A Percentage Of Household Income In The Past 12 Months,https://data.census.gov/table?q=B25106&g=050XX00US30049,U.S. Census Bureau. Tenure By Housing Costs As A Percentage Of Household Income In The Past 12 Months. American Community Survey 5-Year Estimates. Table B25106.
Housing,B25106_037,"Total renter households earning $50k-$74,999 (Denominator).",Tenure By Housing Costs As A Percentage Of Household Income In The Past 12 Months,https://data.census.gov/table?q=B25106&g=050XX00US30049,U.S. Census Bureau. Tenure By Housing Costs As A Percentage Of Household Income In The Past 12 Months. American Community Survey 5-Year Estimates. Table B25106.
Housing,B25106_040,"Renter households earning $50k-$74,999 spending >30% of income on housing.",Tenure By Housing Costs As A Percentage Of Household Income In The Past 12 Months,https://data.census.gov/table?q=B25106&g=050XX00US30049,U.S. Census Bureau. Tenure By Housing Costs As A Percentage Of Household Income In The Past 12 Months. American Community Survey 5-Year Estimates. Table B25106.
Housing,B25106_041,Total renter households earning >$75k (Denominator).,Tenure By Housing Costs As A Percentage Of Household Income In The Past 12 Months,https://data.census.gov/table?q=B25106&g=050XX00US30049,U.S. Census Bureau. Tenure By Housing Costs As A Percentage Of Household Income In The Past 12 Months. American Community Survey 5-Year Estimates. Table B25106.
Housing,B25106_044,Renter households earning >$75k spending >30% of income on housing.,Tenure By Housing Costs As A Percentage Of Household Income In The Past 12 Months,https://data.census.gov/table?q=B25106&g=050XX00US30049,U.S. Census Bureau. Tenure By Housing Costs As A Percentage Of Household Income In The Past 12 Months. American Community Survey 5-Year Estimates. Table B25106.
Housing,Calculated: Vacancy Rate,Percentage of all housing units that are vacant (Vacant Units / Total Housing Units * 100).,NA: custom calculated metric,NA,Manually calculated variable from one or more U.S. Census Bureau Estimates.
Income,B19013_001,Median household income in the past 12 months (inflation-adjusted).,Median Household Income In The Past 12 Months (In 2023 Inflation-Adjusted Dollars),https://data.census.gov/table?q=B19013&g=050XX00US30049,U.S. Census Bureau. Median Household Income In The Past 12 Months (In 2023 Inflation-Adjusted Dollars). American Community Survey 5-Year Estimates. Table B19013.
Income,B19301_001,Per capita income in the past 12 months (inflation-adjusted).,Per Capita Income In The Past 12 Months (In 2023 Inflation-Adjusted Dollars),https://data.census.gov/table?q=B19301&g=050XX00US30049,U.S. Census Bureau. Per Capita Income In The Past 12 Months (In 2023 Inflation-Adjusted Dollars). American Community Survey 5-Year Estimates. Table B19301.
Income,B17001_002,Total number of people whose income in the past 12 months is below the poverty level.,Poverty Status In The Past 12 Months By Sex By Age,https://data.census.gov/table?q=B17001&g=050XX00US30049,U.S. Census Bureau. Poverty Status In The Past 12 Months By Sex By Age. American Community Survey 5-Year Estimates. Table B17001.
Income,B17001_004,Number of related children under 18 years below the poverty level.,Poverty Status In The Past 12 Months By Sex By Age,https://data.census.gov/table?q=B17001&g=050XX00US30049,U.S. Census Bureau. Poverty Status In The Past 12 Months By Sex By Age. American Community Survey 5-Year Estimates. Table B17001.
Income,C17002_002,Number of people with income below 50% of the poverty level (Deep Poverty).,Ratio Of Income To Poverty Level In The Past 12 Months,https://data.census.gov/table?q=C17002&g=050XX00US30049,U.S. Census Bureau. Ratio Of Income To Poverty Level In The Past 12 Months. American Community Survey 5-Year Estimates. Table C17002.
Income,S1701_C03_001,Percent of the total population for whom poverty status is determined who are below poverty level.,Poverty Status In The Past 12 Months,https://data.census.gov/table?q=S1701&g=050XX00US30049,U.S. Census Bureau. Poverty Status In The Past 12 Months. American Community Survey 5-Year Estimates. Table S1701.
Income,S1701_C03_002,Percent of the population under 18 years for whom poverty status is determined who are below poverty level.,Poverty Status In The Past 12 Months,https://data.census.gov/table?q=S1701&g=050XX00US30049,U.S. Census Bureau. Poverty Status In The Past 12 Months. American Community Survey 5-Year Estimates. Table S1701.
Income,S1701_C03_010,Percent of the population 65 years and over for whom poverty status is determined who are below poverty level.,Poverty Status In The Past 12 Months,https://data.census.gov/table?q=S1701&g=050XX00US30049,U.S. Census Bureau. Poverty Status In The Past 12 Months. American Community Survey 5-Year Estimates. Table S1701.
Income,B19001_002,"Households with annual income less than $10,000.",Household Income In The Past 12 Months (In 2023 Inflation-Adjusted Dollars),https://data.census.gov/table?q=B19001&g=050XX00US30049,U.S. Census Bureau. Household Income In The Past 12 Months (In 2023 Inflation-Adjusted Dollars). American Community Survey 5-Year Estimates. Table B19001.
Income,B19001_003,"Households with annual income between $10,000 and $14,999.",Household Income In The Past 12 Months (In 2023 Inflation-Adjusted Dollars),https://data.census.gov/table?q=B19001&g=050XX00US30049,U.S. Census Bureau. Household Income In The Past 12 Months (In 2023 Inflation-Adjusted Dollars). American Community Survey 5-Year Estimates. Table B19001.
Income,B19001_004,"Households with annual income between $15,000 and $19,999.",Household Income In The Past 12 Months (In 2023 Inflation-Adjusted Dollars),https://data.census.gov/table?q=B19001&g=050XX00US30049,U.S. Census Bureau. Household Income In The Past 12 Months (In 2023 Inflation-Adjusted Dollars). American Community Survey 5-Year Estimates. Table B19001.
Income,B19001_005,"Households with annual income between $20,000 and $24,999.",Household Income In The Past 12 Months (In 2023 Inflation-Adjusted Dollars),https://data.census.gov/table?q=B19001&g=050XX00US30049,U.S. Census Bureau. Household Income In The Past 12 Months (In 2023 Inflation-Adjusted Dollars). American Community Survey 5-Year Estimates. Table B19001.
Income,B19001_006,"Households with annual income between $25,000 and $29,999.",Household Income In The Past 12 Months (In 2023 Inflation-Adjusted Dollars),https://data.census.gov/table?q=B19001&g=050XX00US30049,U.S. Census Bureau. Household Income In The Past 12 Months (In 2023 Inflation-Adjusted Dollars). American Community Survey 5-Year Estimates. Table B19001.
Income,B19001_007,"Households with annual income between $30,000 and $34,999.",Household Income In The Past 12 Months (In 2023 Inflation-Adjusted Dollars),https://data.census.gov/table?q=B19001&g=050XX00US30049,U.S. Census Bureau. Household Income In The Past 12 Months (In 2023 Inflation-Adjusted Dollars). American Community Survey 5-Year Estimates. Table B19001.
Income,B19001_008,"Households with annual income between $35,000 and $39,999.",Household Income In The Past 12 Months (In 2023 Inflation-Adjusted Dollars),https://data.census.gov/table?q=B19001&g=050XX00US30049,U.S. Census Bureau. Household Income In The Past 12 Months (In 2023 Inflation-Adjusted Dollars). American Community Survey 5-Year Estimates. Table B19001.
Income,B19001_009,"Households with annual income between $40,000 and $44,999.",Household Income In The Past 12 Months (In 2023 Inflation-Adjusted Dollars),https://data.census.gov/table?q=B19001&g=050XX00US30049,U.S. Census Bureau. Household Income In The Past 12 Months (In 2023 Inflation-Adjusted Dollars). American Community Survey 5-Year Estimates. Table B19001.
Income,B19001_010,"Households with annual income between $45,000 and $49,999.",Household Income In The Past 12 Months (In 2023 Inflation-Adjusted Dollars),https://data.census.gov/table?q=B19001&g=050XX00US30049,U.S. Census Bureau. Household Income In The Past 12 Months (In 2023 Inflation-Adjusted Dollars). American Community Survey 5-Year Estimates. Table B19001.
Income,B19001_011,"Households with annual income between $50,000 and $59,999.",Household Income In The Past 12 Months (In 2023 Inflation-Adjusted Dollars),https://data.census.gov/table?q=B19001&g=050XX00US30049,U.S. Census Bureau. Household Income In The Past 12 Months (In 2023 Inflation-Adjusted Dollars). American Community Survey 5-Year Estimates. Table B19001.
Income,B19001_012,"Households with annual income between $60,000 and $74,999.",Household Income In The Past 12 Months (In 2023 Inflation-Adjusted Dollars),https://data.census.gov/table?q=B19001&g=050XX00US30049,U.S. Census Bureau. Household Income In The Past 12 Months (In 2023 Inflation-Adjusted Dollars). American Community Survey 5-Year Estimates. Table B19001.
Income,B19001_013,"Households with annual income between $75,000 and $99,999.",Household Income In The Past 12 Months (In 2023 Inflation-Adjusted Dollars),https://data.census.gov/table?q=B19001&g=050XX00US30049,U.S. Census Bureau. Household Income In The Past 12 Months (In 2023 Inflation-Adjusted Dollars). American Community Survey 5-Year Estimates. Table B19001.
Income,B19001_014,"Households with annual income between $100,000 and $124,999.",Household Income In The Past 12 Months (In 2023 Inflation-Adjusted Dollars),https://data.census.gov/table?q=B19001&g=050XX00US30049,U.S. Census Bureau. Household Income In The Past 12 Months (In 2023 Inflation-Adjusted Dollars). American Community Survey 5-Year Estimates. Table B19001.
Income,B19001_015,"Households with annual income between $125,000 and $149,999.",Household Income In The Past 12 Months (In 2023 Inflation-Adjusted Dollars),https://data.census.gov/table?q=B19001&g=050XX00US30049,U.S. Census Bureau. Household Income In The Past 12 Months (In 2023 Inflation-Adjusted Dollars). American Community Survey 5-Year Estimates. Table B19001.
Income,B19001_016,"Households with annual income between $150,000 and $199,999.",Household Income In The Past 12 Months (In 2023 Inflation-Adjusted Dollars),https://data.census.gov/table?q=B19001&g=050XX00US30049,U.S. Census Bureau. Household Income In The Past 12 Months (In 2023 Inflation-Adjusted Dollars). American Community Survey 5-Year Estimates. Table B19001.
Income,B19001_017,"Households with annual income of $200,000 or more.",Household Income In The Past 12 Months (In 2023 Inflation-Adjusted Dollars),https://data.census.gov/table?q=B19001&g=050XX00US30049,U.S. Census Bureau. Household Income In The Past 12 Months (In 2023 Inflation-Adjusted Dollars). American Community Survey 5-Year Estimates. Table B19001.
Income,B19001_001,Total households (Denominator for income brackets).,Household Income In The Past 12 Months (In 2023 Inflation-Adjusted Dollars),https://data.census.gov/table?q=B19001&g=050XX00US30049,U.S. Census Bureau. Household Income In The Past 12 Months (In 2023 Inflation-Adjusted Dollars). American Community Survey 5-Year Estimates. Table B19001.
Income,B17001_001,Total population for whom poverty status is determined (Denominator for poverty counts).,Poverty Status In The Past 12 Months By Sex By Age,https://data.census.gov/table?q=B17001&g=050XX00US30049,U.S. Census Bureau. Poverty Status In The Past 12 Months By Sex By Age. American Community Survey 5-Year Estimates. Table B17001.
Income,C17002_001,Total population for whom poverty status is determined (Denominator for deep poverty).,Ratio Of Income To Poverty Level In The Past 12 Months,https://data.census.gov/table?q=C17002&g=050XX00US30049,U.S. Census Bureau. Ratio Of Income To Poverty Level In The Past 12 Months. American Community Survey 5-Year Estimates. Table C17002.
Education,B14001_002,Total population 3 years and over enrolled in school.,School Enrollment By Level Of School For The Population 3 Years And Over,https://data.census.gov/table?q=B14001&g=050XX00US30049,U.S. Census Bureau. School Enrollment By Level Of School For The Population 3 Years And Over. American Community Survey 5-Year Estimates. Table B14001.
Education,B14001_003,Enrolled in nursery school or preschool.,School Enrollment By Level Of School For The Population 3 Years And Over,https://data.census.gov/table?q=B14001&g=050XX00US30049,U.S. Census Bureau. School Enrollment By Level Of School For The Population 3 Years And Over. American Community Survey 5-Year Estimates. Table B14001.
Education,B14001_004,Enrolled in kindergarten.,School Enrollment By Level Of School For The Population 3 Years And Over,https://data.census.gov/table?q=B14001&g=050XX00US30049,U.S. Census Bureau. School Enrollment By Level Of School For The Population 3 Years And Over. American Community Survey 5-Year Estimates. Table B14001.
Education,B14001_005,Enrolled in grade 1 to grade 4.,School Enrollment By Level Of School For The Population 3 Years And Over,https://data.census.gov/table?q=B14001&g=050XX00US30049,U.S. Census Bureau. School Enrollment By Level Of School For The Population 3 Years And Over. American Community Survey 5-Year Estimates. Table B14001.
Education,B14001_006,Enrolled in grade 5 to grade 8.,School Enrollment By Level Of School For The Population 3 Years And Over,https://data.census.gov/table?q=B14001&g=050XX00US30049,U.S. Census Bureau. School Enrollment By Level Of School For The Population 3 Years And Over. American Community Survey 5-Year Estimates. Table B14001.
Education,B14001_007,Enrolled in grade 9 to grade 12.,School Enrollment By Level Of School For The Population 3 Years And Over,https://data.census.gov/table?q=B14001&g=050XX00US30049,U.S. Census Bureau. School Enrollment By Level Of School For The Population 3 Years And Over. American Community Survey 5-Year Estimates. Table B14001.
Education,B14001_008,"Enrolled in college, undergraduate years.",School Enrollment By Level Of School For The Population 3 Years And Over,https://data.census.gov/table?q=B14001&g=050XX00US30049,U.S. Census Bureau. School Enrollment By Level Of School For The Population 3 Years And Over. American Community Survey 5-Year Estimates. Table B14001.
Education,B14001_009,Enrolled in graduate or professional school.,School Enrollment By Level Of School For The Population 3 Years And Over,https://data.census.gov/table?q=B14001&g=050XX00US30049,U.S. Census Bureau. School Enrollment By Level Of School For The Population 3 Years And Over. American Community Survey 5-Year Estimates. Table B14001.
Education,B14001_010,Not enrolled in school.,School Enrollment By Level Of School For The Population 3 Years And Over,https://data.census.gov/table?q=B14001&g=050XX00US30049,U.S. Census Bureau. School Enrollment By Level Of School For The Population 3 Years And Over. American Community Survey 5-Year Estimates. Table B14001.
Education,Calculated: Less than high school diploma,Population 25+ who have not received a high school diploma or equivalent.,NA: custom calculated metric,NA,Manually calculated variable from one or more U.S. Census Bureau Estimates.
Education,Calculated: High school graduate (includes equivalency),Population 25+ whose highest level of education is a regular high school diploma or GED.,NA: custom calculated metric,NA,Manually calculated variable from one or more U.S. Census Bureau Estimates.
Education,Calculated: Some college or associate's degree,"Population 25+ with some college credit or an Associate's degree, but no Bachelor's degree.",NA: custom calculated metric,NA,Manually calculated variable from one or more U.S. Census Bureau Estimates.
Education,Calculated: Bachelor's degree or higher,"Population 25+ with a Bachelor's, Master's, Professional, or Doctorate degree.",NA: custom calculated metric,NA,Manually calculated variable from one or more U.S. Census Bureau Estimates.
Education,Calculated: High school graduate or higher,Population 25 years and over who have received at least a high school diploma or equivalent.,NA: custom calculated metric,NA,Manually calculated variable from one or more U.S. Census Bureau Estimates.
Education,B15003_002,Completed no schooling.,Educational Attainment For The Population 25 Years And Over,https://data.census.gov/table?q=B15003&g=050XX00US30049,U.S. Census Bureau. Educational Attainment For The Population 25 Years And Over. American Community Survey 5-Year Estimates. Table B15003.
Education,B15003_003,Nursery school.,Educational Attainment For The Population 25 Years And Over,https://data.census.gov/table?q=B15003&g=050XX00US30049,U.S. Census Bureau. Educational Attainment For The Population 25 Years And Over. American Community Survey 5-Year Estimates. Table B15003.
Education,B15003_004,Kindergarten.,Educational Attainment For The Population 25 Years And Over,https://data.census.gov/table?q=B15003&g=050XX00US30049,U.S. Census Bureau. Educational Attainment For The Population 25 Years And Over. American Community Survey 5-Year Estimates. Table B15003.
Education,B15003_005,1st grade.,Educational Attainment For The Population 25 Years And Over,https://data.census.gov/table?q=B15003&g=050XX00US30049,U.S. Census Bureau. Educational Attainment For The Population 25 Years And Over. American Community Survey 5-Year Estimates. Table B15003.
Education,B15003_006,2nd grade.,Educational Attainment For The Population 25 Years And Over,https://data.census.gov/table?q=B15003&g=050XX00US30049,U.S. Census Bureau. Educational Attainment For The Population 25 Years And Over. American Community Survey 5-Year Estimates. Table B15003.
Education,B15003_007,3rd grade.,Educational Attainment For The Population 25 Years And Over,https://data.census.gov/table?q=B15003&g=050XX00US30049,U.S. Census Bureau. Educational Attainment For The Population 25 Years And Over. American Community Survey 5-Year Estimates. Table B15003.
Education,B15003_008,4th grade.,Educational Attainment For The Population 25 Years And Over,https://data.census.gov/table?q=B15003&g=050XX00US30049,U.S. Census Bureau. Educational Attainment For The Population 25 Years And Over. American Community Survey 5-Year Estimates. Table B15003.
Education,B15003_009,5th grade.,Educational Attainment For The Population 25 Years And Over,https://data.census.gov/table?q=B15003&g=050XX00US30049,U.S. Census Bureau. Educational Attainment For The Population 25 Years And Over. American Community Survey 5-Year Estimates. Table B15003.
Education,B15003_010,6th grade.,Educational Attainment For The Population 25 Years And Over,https://data.census.gov/table?q=B15003&g=050XX00US30049,U.S. Census Bureau. Educational Attainment For The Population 25 Years And Over. American Community Survey 5-Year Estimates. Table B15003.
Education,B15003_011,7th grade.,Educational Attainment For The Population 25 Years And Over,https://data.census.gov/table?q=B15003&g=050XX00US30049,U.S. Census Bureau. Educational Attainment For The Population 25 Years And Over. American Community Survey 5-Year Estimates. Table B15003.
Education,B15003_012,8th grade.,Educational Attainment For The Population 25 Years And Over,https://data.census.gov/table?q=B15003&g=050XX00US30049,U.S. Census Bureau. Educational Attainment For The Population 25 Years And Over. American Community Survey 5-Year Estimates. Table B15003.
Education,B15003_013,9th grade.,Educational Attainment For The Population 25 Years And Over,https://data.census.gov/table?q=B15003&g=050XX00US30049,U.S. Census Bureau. Educational Attainment For The Population 25 Years And Over. American Community Survey 5-Year Estimates. Table B15003.
Education,B15003_014,10th grade.,Educational Attainment For The Population 25 Years And Over,https://data.census.gov/table?q=B15003&g=050XX00US30049,U.S. Census Bureau. Educational Attainment For The Population 25 Years And Over. American Community Survey 5-Year Estimates. Table B15003.
Education,B15003_015,11th grade.,Educational Attainment For The Population 25 Years And Over,https://data.census.gov/table?q=B15003&g=050XX00US30049,U.S. Census Bureau. Educational Attainment For The Population 25 Years And Over. American Community Survey 5-Year Estimates. Table B15003.
Education,B15003_016,"12th grade, no diploma.",Educational Attainment For The Population 25 Years And Over,https://data.census.gov/table?q=B15003&g=050XX00US30049,U.S. Census Bureau. Educational Attainment For The Population 25 Years And Over. American Community Survey 5-Year Estimates. Table B15003.
Education,B15003_017,Regular high school diploma.,Educational Attainment For The Population 25 Years And Over,https://data.census.gov/table?q=B15003&g=050XX00US30049,U.S. Census Bureau. Educational Attainment For The Population 25 Years And Over. American Community Survey 5-Year Estimates. Table B15003.
Education,B15003_018,GED or alternative credential.,Educational Attainment For The Population 25 Years And Over,https://data.census.gov/table?q=B15003&g=050XX00US30049,U.S. Census Bureau. Educational Attainment For The Population 25 Years And Over. American Community Survey 5-Year Estimates. Table B15003.
Education,B15003_019,"Some college, less than 1 year.",Educational Attainment For The Population 25 Years And Over,https://data.census.gov/table?q=B15003&g=050XX00US30049,U.S. Census Bureau. Educational Attainment For The Population 25 Years And Over. American Community Survey 5-Year Estimates. Table B15003.
Education,B15003_020,"Some college, 1 or more years, no degree.",Educational Attainment For The Population 25 Years And Over,https://data.census.gov/table?q=B15003&g=050XX00US30049,U.S. Census Bureau. Educational Attainment For The Population 25 Years And Over. American Community Survey 5-Year Estimates. Table B15003.
Education,B15003_021,Associate's degree.,Educational Attainment For The Population 25 Years And Over,https://data.census.gov/table?q=B15003&g=050XX00US30049,U.S. Census Bureau. Educational Attainment For The Population 25 Years And Over. American Community Survey 5-Year Estimates. Table B15003.
Education,B15003_022,Bachelor's degree.,Educational Attainment For The Population 25 Years And Over,https://data.census.gov/table?q=B15003&g=050XX00US30049,U.S. Census Bureau. Educational Attainment For The Population 25 Years And Over. American Community Survey 5-Year Estimates. Table B15003.
Education,B15003_023,Master's degree.,Educational Attainment For The Population 25 Years And Over,https://data.census.gov/table?q=B15003&g=050XX00US30049,U.S. Census Bureau. Educational Attainment For The Population 25 Years And Over. American Community Survey 5-Year Estimates. Table B15003.
Education,B15003_024,Professional school degree.,Educational Attainment For The Population 25 Years And Over,https://data.census.gov/table?q=B15003&g=050XX00US30049,U.S. Census Bureau. Educational Attainment For The Population 25 Years And Over. American Community Survey 5-Year Estimates. Table B15003.
Education,B15003_025,Doctorate degree.,Educational Attainment For The Population 25 Years And Over,https://data.census.gov/table?q=B15003&g=050XX00US30049,U.S. Census Bureau. Educational Attainment For The Population 25 Years And Over. American Community Survey 5-Year Estimates. Table B15003.
Education,B14001_001,Total population 3 years and over (Enrollment Denominator).,School Enrollment By Level Of School For The Population 3 Years And Over,https://data.census.gov/table?q=B14001&g=050XX00US30049,U.S. Census Bureau. School Enrollment By Level Of School For The Population 3 Years And Over. American Community Survey 5-Year Estimates. Table B14001.
Education,B15003_001,Total population 25 years and over (Attainment Denominator).,Educational Attainment For The Population 25 Years And Over,https://data.census.gov/table?q=B15003&g=050XX00US30049,U.S. Census Bureau. Educational Attainment For The Population 25 Years And Over. American Community Survey 5-Year Estimates. Table B15003.
Employment,DP03_0002,Population 16 years and over in the labor force (Civilian + Armed Forces).,Selected Economic Characteristics,https://data.census.gov/table?q=DP03&g=050XX00US30049,U.S. Census Bureau. Selected Economic Characteristics. American Community Survey 5-Year Estimates. Table DP03.
Employment,DP03_0003,Civilian population 16 years and over in the labor force.,Selected Economic Characteristics,https://data.census.gov/table?q=DP03&g=050XX00US30049,U.S. Census Bureau. Selected Economic Characteristics. American Community Survey 5-Year Estimates. Table DP03.
Employment,DP03_0004,Civilian employed population 16 years and over.,Selected Economic Characteristics,https://data.census.gov/table?q=DP03&g=050XX00US30049,U.S. Census Bureau. Selected Economic Characteristics. American Community Survey 5-Year Estimates. Table DP03.
Employment,DP03_0005,Civilian unemployed population 16 years and over.,Selected Economic Characteristics,https://data.census.gov/table?q=DP03&g=050XX00US30049,U.S. Census Bureau. Selected Economic Characteristics. American Community Survey 5-Year Estimates. Table DP03.
Employment,DP03_0007,"Population 16 years and over not in the labor force (e.g., retired, students, etc.).",Selected Economic Characteristics,https://data.census.gov/table?q=DP03&g=050XX00US30049,U.S. Census Bureau. Selected Economic Characteristics. American Community Survey 5-Year Estimates. Table DP03.
Employment,DP03_0047,Private wage and salary workers.,Selected Economic Characteristics,https://data.census.gov/table?q=DP03&g=050XX00US30049,U.S. Census Bureau. Selected Economic Characteristics. American Community Survey 5-Year Estimates. Table DP03.
Employment,DP03_0048,"Government workers (Federal, state, and local).",Selected Economic Characteristics,https://data.census.gov/table?q=DP03&g=050XX00US30049,U.S. Census Bureau. Selected Economic Characteristics. American Community Survey 5-Year Estimates. Table DP03.
Employment,DP03_0049,Self-employed in own not incorporated business workers.,Selected Economic Characteristics,https://data.census.gov/table?q=DP03&g=050XX00US30049,U.S. Census Bureau. Selected Economic Characteristics. American Community Survey 5-Year Estimates. Table DP03.
Employment,DP03_0050,Unpaid family workers.,Selected Economic Characteristics,https://data.census.gov/table?q=DP03&g=050XX00US30049,U.S. Census Bureau. Selected Economic Characteristics. American Community Survey 5-Year Estimates. Table DP03.
Employment,DP03_0027,"Workers in Management, business, science, and arts occupations.",Selected Economic Characteristics,https://data.census.gov/table?q=DP03&g=050XX00US30049,U.S. Census Bureau. Selected Economic Characteristics. American Community Survey 5-Year Estimates. Table DP03.
Employment,DP03_0028,Workers in Service occupations.,Selected Economic Characteristics,https://data.census.gov/table?q=DP03&g=050XX00US30049,U.S. Census Bureau. Selected Economic Characteristics. American Community Survey 5-Year Estimates. Table DP03.
Employment,DP03_0029,Workers in Sales and office occupations.,Selected Economic Characteristics,https://data.census.gov/table?q=DP03&g=050XX00US30049,U.S. Census Bureau. Selected Economic Characteristics. American Community Survey 5-Year Estimates. Table DP03.
Employment,DP03_0030,"Workers in Natural resources, construction, and maintenance occupations.",Selected Economic Characteristics,https://data.census.gov/table?q=DP03&g=050XX00US30049,U.S. Census Bureau. Selected Economic Characteristics. American Community Survey 5-Year Estimates. Table DP03.
Employment,DP03_0031,"Workers in Production, transportation, and material moving occupations.",Selected Economic Characteristics,https://data.census.gov/table?q=DP03&g=050XX00US30049,U.S. Census Bureau. Selected Economic Characteristics. American Community Survey 5-Year Estimates. Table DP03.
Employment,DP03_0033,"Industry: Agriculture, forestry, fishing and hunting, and mining.",Selected Economic Characteristics,https://data.census.gov/table?q=DP03&g=050XX00US30049,U.S. Census Bureau. Selected Economic Characteristics. American Community Survey 5-Year Estimates. Table DP03.
Employment,DP03_0034,Industry: Construction.,Selected Economic Characteristics,https://data.census.gov/table?q=DP03&g=050XX00US30049,U.S. Census Bureau. Selected Economic Characteristics. American Community Survey 5-Year Estimates. Table DP03.
Employment,DP03_0035,Industry: Manufacturing.,Selected Economic Characteristics,https://data.census.gov/table?q=DP03&g=050XX00US30049,U.S. Census Bureau. Selected Economic Characteristics. American Community Survey 5-Year Estimates. Table DP03.
Employment,DP03_0036,Industry: Wholesale trade.,Selected Economic Characteristics,https://data.census.gov/table?q=DP03&g=050XX00US30049,U.S. Census Bureau. Selected Economic Characteristics. American Community Survey 5-Year Estimates. Table DP03.
Employment,DP03_0037,Industry: Retail trade.,Selected Economic Characteristics,https://data.census.gov/table?q=DP03&g=050XX00US30049,U.S. Census Bureau. Selected Economic Characteristics. American Community Survey 5-Year Estimates. Table DP03.
Employment,DP03_0038,"Industry: Transportation and warehousing, and utilities.",Selected Economic Characteristics,https://data.census.gov/table?q=DP03&g=050XX00US30049,U.S. Census Bureau. Selected Economic Characteristics. American Community Survey 5-Year Estimates. Table DP03.
Employment,DP03_0039,Industry: Information.,Selected Economic Characteristics,https://data.census.gov/table?q=DP03&g=050XX00US30049,U.S. Census Bureau. Selected Economic Characteristics. American Community Survey 5-Year Estimates. Table DP03.
Employment,DP03_0040,"Industry: Finance and insurance, and real estate and rental and leasing.",Selected Economic Characteristics,https://data.census.gov/table?q=DP03&g=050XX00US30049,U.S. Census Bureau. Selected Economic Characteristics. American Community Survey 5-Year Estimates. Table DP03.
Employment,DP03_0041,"Industry: Professional, scientific, and management, and administrative and waste management services.",Selected Economic Characteristics,https://data.census.gov/table?q=DP03&g=050XX00US30049,U.S. Census Bureau. Selected Economic Characteristics. American Community Survey 5-Year Estimates. Table DP03.
Employment,DP03_0042,"Industry: Educational services, and health care and social assistance.",Selected Economic Characteristics,https://data.census.gov/table?q=DP03&g=050XX00US30049,U.S. Census Bureau. Selected Economic Characteristics. American Community Survey 5-Year Estimates. Table DP03.
Employment,DP03_0043,"Industry: Arts, entertainment, and recreation, and accommodation and food services.",Selected Economic Characteristics,https://data.census.gov/table?q=DP03&g=050XX00US30049,U.S. Census Bureau. Selected Economic Characteristics. American Community Survey 5-Year Estimates. Table DP03.
Employment,DP03_0044,"Industry: Other services, except public administration.",Selected Economic Characteristics,https://data.census.gov/table?q=DP03&g=050XX00US30049,U.S. Census Bureau. Selected Economic Characteristics. American Community Survey 5-Year Estimates. Table DP03.
Employment,DP03_0045,Industry: Public administration.,Selected Economic Characteristics,https://data.census.gov/table?q=DP03&g=050XX00US30049,U.S. Census Bureau. Selected Economic Characteristics. American Community Survey 5-Year Estimates. Table DP03.
Employment,DP03_0092,Median earnings (dollars) for workers 16 years and over with earnings.,Selected Economic Characteristics,https://data.census.gov/table?q=DP03&g=050XX00US30049,U.S. Census Bureau. Selected Economic Characteristics. American Community Survey 5-Year Estimates. Table DP03.
Employment,DP03_0093,"Median earnings (dollars) for male full-time, year-round workers.",Selected Economic Characteristics,https://data.census.gov/table?q=DP03&g=050XX00US30049,U.S. Census Bureau. Selected Economic Characteristics. American Community Survey 5-Year Estimates. Table DP03.
Employment,DP03_0094,"Median earnings (dollars) for female full-time, year-round workers.",Selected Economic Characteristics,https://data.census.gov/table?q=DP03&g=050XX00US30049,U.S. Census Bureau. Selected Economic Characteristics. American Community Survey 5-Year Estimates. Table DP03.
Employment,DP03_0019,Workers 16 years and over who drove alone to work.,Selected Economic Characteristics,https://data.census.gov/table?q=DP03&g=050XX00US30049,U.S. Census Bureau. Selected Economic Characteristics. American Community Survey 5-Year Estimates. Table DP03.
Employment,DP03_0020,Workers 16 years and over who carpooled to work.,Selected Economic Characteristics,https://data.census.gov/table?q=DP03&g=050XX00US30049,U.S. Census Bureau. Selected Economic Characteristics. American Community Survey 5-Year Estimates. Table DP03.
Employment,DP03_0021,Workers 16 years and over who used public transportation (excluding taxicab).,Selected Economic Characteristics,https://data.census.gov/table?q=DP03&g=050XX00US30049,U.S. Census Bureau. Selected Economic Characteristics. American Community Survey 5-Year Estimates. Table DP03.
Employment,DP03_0022,Workers 16 years and over who walked to work.,Selected Economic Characteristics,https://data.census.gov/table?q=DP03&g=050XX00US30049,U.S. Census Bureau. Selected Economic Characteristics. American Community Survey 5-Year Estimates. Table DP03.
Employment,DP03_0024,Workers 16 years and over who worked from home.,Selected Economic Characteristics,https://data.census.gov/table?q=DP03&g=050XX00US30049,U.S. Census Bureau. Selected Economic Characteristics. American Community Survey 5-Year Estimates. Table DP03.
Employment,DP03_0025,Mean travel time to work (minutes) for workers 16 years and over who did not work at home.,Selected Economic Characteristics,https://data.census.gov/table?q=DP03&g=050XX00US30049,U.S. Census Bureau. Selected Economic Characteristics. American Community Survey 5-Year Estimates. Table DP03.
Employment,B08007_003,Workers 16 years and over who worked in their county of residence.,Sex Of Workers By Place Of Work--State And County Level,https://data.census.gov/table?q=B08007&g=050XX00US30049,U.S. Census Bureau. Sex Of Workers By Place Of Work--State And County Level. American Community Survey 5-Year Estimates. Table B08007.
Employment,B08007_004,Workers 16 years and over who worked outside their county of residence.,Sex Of Workers By Place Of Work--State And County Level,https://data.census.gov/table?q=B08007&g=050XX00US30049,U.S. Census Bureau. Sex Of Workers By Place Of Work--State And County Level. American Community Survey 5-Year Estimates. Table B08007.
Employment,DP03_0001,Total population 16 years and over (Labor Market Denominator).,Selected Economic Characteristics,https://data.census.gov/table?q=DP03&g=050XX00US30049,U.S. Census Bureau. Selected Economic Characteristics. American Community Survey 5-Year Estimates. Table DP03.
Employment,DP03_0018,Workers 16 years and over (Means of Transportation Denominator).,Selected Economic Characteristics,https://data.census.gov/table?q=DP03&g=050XX00US30049,U.S. Census Bureau. Selected Economic Characteristics. American Community Survey 5-Year Estimates. Table DP03.
Employment,B08007_001,Total workers 16 years and over (Work Location Denominator).,Sex Of Workers By Place Of Work--State And County Level,https://data.census.gov/table?q=B08007&g=050XX00US30049,U.S. Census Bureau. Sex Of Workers By Place Of Work--State And County Level. American Community Survey 5-Year Estimates. Table B08007.
Health,S2701_C05_001,Civilian noninstitutionalized population with no health insurance coverage.,Selected Characteristics Of Health Insurance Coverage In The United States,https://data.census.gov/table?q=S2701&g=050XX00US30049,U.S. Census Bureau. Selected Characteristics Of Health Insurance Coverage In The United States. American Community Survey 5-Year Estimates. Table S2701.
Health,S2701_C02_001,Civilian noninstitutionalized population with private health insurance.,Selected Characteristics Of Health Insurance Coverage In The United States,https://data.census.gov/table?q=S2701&g=050XX00US30049,U.S. Census Bureau. Selected Characteristics Of Health Insurance Coverage In The United States. American Community Survey 5-Year Estimates. Table S2701.
Health,S2701_C03_001,Civilian noninstitutionalized population with public coverage.,Selected Characteristics Of Health Insurance Coverage In The United States,https://data.census.gov/table?q=S2701&g=050XX00US30049,U.S. Census Bureau. Selected Characteristics Of Health Insurance Coverage In The United States. American Community Survey 5-Year Estimates. Table S2701.
Health,S1810_C02_001,Total civilian noninstitutionalized population with a disability.,Disability Characteristics,https://data.census.gov/table?q=S1810&g=050XX00US30049,U.S. Census Bureau. Disability Characteristics. American Community Survey 5-Year Estimates. Table S1810.
Health,S1810_C03_001,Percent of the total civilian noninstitutionalized population with a disability.,Disability Characteristics,https://data.census.gov/table?q=S1810&g=050XX00US30049,U.S. Census Bureau. Disability Characteristics. American Community Survey 5-Year Estimates. Table S1810.
Health,S1810_C02_002,Population under 18 years with a disability.,Disability Characteristics,https://data.census.gov/table?q=S1810&g=050XX00US30049,U.S. Census Bureau. Disability Characteristics. American Community Survey 5-Year Estimates. Table S1810.
Health,S1810_C02_014,Population 65 years and over with a disability.,Disability Characteristics,https://data.census.gov/table?q=S1810&g=050XX00US30049,U.S. Census Bureau. Disability Characteristics. American Community Survey 5-Year Estimates. Table S1810.
Health,B13002_002,Women 15 to 50 years old who gave birth in the past 12 months.,Women 15 To 50 Years Who Had A Birth In The Past 12 Months By Marital Status And Age,https://data.census.gov/table?q=B13002&g=050XX00US30049,U.S. Census Bureau. Women 15 To 50 Years Who Had A Birth In The Past 12 Months By Marital Status And Age. American Community Survey 5-Year Estimates. Table B13002.
Health,S2701_C01_001,Total civilian noninstitutionalized population (Health Insurance Denominator).,Selected Characteristics Of Health Insurance Coverage In The United States,https://data.census.gov/table?q=S2701&g=050XX00US30049,U.S. Census Bureau. Selected Characteristics Of Health Insurance Coverage In The United States. American Community Survey 5-Year Estimates. Table S2701.
Health,S1810_C01_001,Total civilian noninstitutionalized population (Disability Denominator).,Disability Characteristics,https://data.census.gov/table?q=S1810&g=050XX00US30049,U.S. Census Bureau. Disability Characteristics. American Community Survey 5-Year Estimates. Table S1810.
Health,S1810_C01_002,Total civilian noninstitutionalized population under 18 years (Disability Denominator).,Disability Characteristics,https://data.census.gov/table?q=S1810&g=050XX00US30049,U.S. Census Bureau. Disability Characteristics. American Community Survey 5-Year Estimates. Table S1810.
Health,S1810_C01_014,Total civilian noninstitutionalized population 65 years and over (Disability Denominator).,Disability Characteristics,https://data.census.gov/table?q=S1810&g=050XX00US30049,U.S. Census Bureau. Disability Characteristics. American Community Survey 5-Year Estimates. Table S1810.
Health,B13002_001,Women 15 to 50 years old (Births Denominator).,Women 15 To 50 Years Who Had A Birth In The Past 12 Months By Marital Status And Age,https://data.census.gov/table?q=B13002&g=050XX00US30049,U.S. Census Bureau. Women 15 To 50 Years Who Had A Birth In The Past 12 Months By Marital Status And Age. American Community Survey 5-Year Estimates. Table B13002.
Industry Earnings,S2414_C01_001,Median earnings for the total civilian employed population 16 years and over with earnings.,"Industry By Sex And Median Earnings In The Past 12 Months (In 2023 Inflation-Adjusted Dollars) For The Full-Time, Year-Round Civilian Employed Population 16 Years And Over",https://data.census.gov/table?q=S2414&g=050XX00US30049,"U.S. Census Bureau. Industry By Sex And Median Earnings In The Past 12 Months (In 2023 Inflation-Adjusted Dollars) For The Full-Time, Year-Round Civilian Employed Population 16 Years And Over. American Community Survey 5-Year Estimates. Table S2414."
Industry Earnings,S2414_C02_001,Median earnings for the male civilian employed population 16 years and over with earnings.,"Industry By Sex And Median Earnings In The Past 12 Months (In 2023 Inflation-Adjusted Dollars) For The Full-Time, Year-Round Civilian Employed Population 16 Years And Over",https://data.census.gov/table?q=S2414&g=050XX00US30049,"U.S. Census Bureau. Industry By Sex And Median Earnings In The Past 12 Months (In 2023 Inflation-Adjusted Dollars) For The Full-Time, Year-Round Civilian Employed Population 16 Years And Over. American Community Survey 5-Year Estimates. Table S2414."
Industry Earnings,S2414_C03_001,Median earnings for the female civilian employed population 16 years and over with earnings.,"Industry By Sex And Median Earnings In The Past 12 Months (In 2023 Inflation-Adjusted Dollars) For The Full-Time, Year-Round Civilian Employed Population 16 Years And Over",https://data.census.gov/table?q=S2414&g=050XX00US30049,"U.S. Census Bureau. Industry By Sex And Median Earnings In The Past 12 Months (In 2023 Inflation-Adjusted Dollars) For The Full-Time, Year-Round Civilian Employed Population 16 Years And Over. American Community Survey 5-Year Estimates. Table S2414."
Industry Earnings,S2414_C01_002,"Median earnings (Total) in Agriculture, forestry, fishing and hunting, and mining.","Industry By Sex And Median Earnings In The Past 12 Months (In 2023 Inflation-Adjusted Dollars) For The Full-Time, Year-Round Civilian Employed Population 16 Years And Over",https://data.census.gov/table?q=S2414&g=050XX00US30049,"U.S. Census Bureau. Industry By Sex And Median Earnings In The Past 12 Months (In 2023 Inflation-Adjusted Dollars) For The Full-Time, Year-Round Civilian Employed Population 16 Years And Over. American Community Survey 5-Year Estimates. Table S2414."
Industry Earnings,S2414_C02_002,"Median earnings (Male) in Agriculture, forestry, fishing and hunting, and mining.","Industry By Sex And Median Earnings In The Past 12 Months (In 2023 Inflation-Adjusted Dollars) For The Full-Time, Year-Round Civilian Employed Population 16 Years And Over",https://data.census.gov/table?q=S2414&g=050XX00US30049,"U.S. Census Bureau. Industry By Sex And Median Earnings In The Past 12 Months (In 2023 Inflation-Adjusted Dollars) For The Full-Time, Year-Round Civilian Employed Population 16 Years And Over. American Community Survey 5-Year Estimates. Table S2414."
Industry Earnings,S2414_C03_002,"Median earnings (Female) in Agriculture, forestry, fishing and hunting, and mining.","Industry By Sex And Median Earnings In The Past 12 Months (In 2023 Inflation-Adjusted Dollars) For The Full-Time, Year-Round Civilian Employed Population 16 Years And Over",https://data.census.gov/table?q=S2414&g=050XX00US30049,"U.S. Census Bureau. Industry By Sex And Median Earnings In The Past 12 Months (In 2023 Inflation-Adjusted Dollars) For The Full-Time, Year-Round Civilian Employed Population 16 Years And Over. American Community Survey 5-Year Estimates. Table S2414."
Industry Earnings,S2414_C01_005,Median earnings (Total) in Construction.,"Industry By Sex And Median Earnings In The Past 12 Months (In 2023 Inflation-Adjusted Dollars) For The Full-Time, Year-Round Civilian Employed Population 16 Years And Over",https://data.census.gov/table?q=S2414&g=050XX00US30049,"U.S. Census Bureau. Industry By Sex And Median Earnings In The Past 12 Months (In 2023 Inflation-Adjusted Dollars) For The Full-Time, Year-Round Civilian Employed Population 16 Years And Over. American Community Survey 5-Year Estimates. Table S2414."
Industry Earnings,S2414_C02_005,Median earnings (Male) in Construction.,"Industry By Sex And Median Earnings In The Past 12 Months (In 2023 Inflation-Adjusted Dollars) For The Full-Time, Year-Round Civilian Employed Population 16 Years And Over",https://data.census.gov/table?q=S2414&g=050XX00US30049,"U.S. Census Bureau. Industry By Sex And Median Earnings In The Past 12 Months (In 2023 Inflation-Adjusted Dollars) For The Full-Time, Year-Round Civilian Employed Population 16 Years And Over. American Community Survey 5-Year Estimates. Table S2414."
Industry Earnings,S2414_C03_005,Median earnings (Female) in Construction.,"Industry By Sex And Median Earnings In The Past 12 Months (In 2023 Inflation-Adjusted Dollars) For The Full-Time, Year-Round Civilian Employed Population 16 Years And Over",https://data.census.gov/table?q=S2414&g=050XX00US30049,"U.S. Census Bureau. Industry By Sex And Median Earnings In The Past 12 Months (In 2023 Inflation-Adjusted Dollars) For The Full-Time, Year-Round Civilian Employed Population 16 Years And Over. American Community Survey 5-Year Estimates. Table S2414."
Industry Earnings,S2414_C01_006,Median earnings (Total) in Manufacturing.,"Industry By Sex And Median Earnings In The Past 12 Months (In 2023 Inflation-Adjusted Dollars) For The Full-Time, Year-Round Civilian Employed Population 16 Years And Over",https://data.census.gov/table?q=S2414&g=050XX00US30049,"U.S. Census Bureau. Industry By Sex And Median Earnings In The Past 12 Months (In 2023 Inflation-Adjusted Dollars) For The Full-Time, Year-Round Civilian Employed Population 16 Years And Over. American Community Survey 5-Year Estimates. Table S2414."
Industry Earnings,S2414_C02_006,Median earnings (Male) in Manufacturing.,"Industry By Sex And Median Earnings In The Past 12 Months (In 2023 Inflation-Adjusted Dollars) For The Full-Time, Year-Round Civilian Employed Population 16 Years And Over",https://data.census.gov/table?q=S2414&g=050XX00US30049,"U.S. Census Bureau. Industry By Sex And Median Earnings In The Past 12 Months (In 2023 Inflation-Adjusted Dollars) For The Full-Time, Year-Round Civilian Employed Population 16 Years And Over. American Community Survey 5-Year Estimates. Table S2414."
Industry Earnings,S2414_C03_006,Median earnings (Female) in Manufacturing.,"Industry By Sex And Median Earnings In The Past 12 Months (In 2023 Inflation-Adjusted Dollars) For The Full-Time, Year-Round Civilian Employed Population 16 Years And Over",https://data.census.gov/table?q=S2414&g=050XX00US30049,"U.S. Census Bureau. Industry By Sex And Median Earnings In The Past 12 Months (In 2023 Inflation-Adjusted Dollars) For The Full-Time, Year-Round Civilian Employed Population 16 Years And Over. American Community Survey 5-Year Estimates. Table S2414."
Industry Earnings,S2414_C01_007,Median earnings (Total) in Wholesale trade.,"Industry By Sex And Median Earnings In The Past 12 Months (In 2023 Inflation-Adjusted Dollars) For The Full-Time, Year-Round Civilian Employed Population 16 Years And Over",https://data.census.gov/table?q=S2414&g=050XX00US30049,"U.S. Census Bureau. Industry By Sex And Median Earnings In The Past 12 Months (In 2023 Inflation-Adjusted Dollars) For The Full-Time, Year-Round Civilian Employed Population 16 Years And Over. American Community Survey 5-Year Estimates. Table S2414."
Industry Earnings,S2414_C02_007,Median earnings (Male) in Wholesale trade.,"Industry By Sex And Median Earnings In The Past 12 Months (In 2023 Inflation-Adjusted Dollars) For The Full-Time, Year-Round Civilian Employed Population 16 Years And Over",https://data.census.gov/table?q=S2414&g=050XX00US30049,"U.S. Census Bureau. Industry By Sex And Median Earnings In The Past 12 Months (In 2023 Inflation-Adjusted Dollars) For The Full-Time, Year-Round Civilian Employed Population 16 Years And Over. American Community Survey 5-Year Estimates. Table S2414."
Industry Earnings,S2414_C03_007,Median earnings (Female) in Wholesale trade.,"Industry By Sex And Median Earnings In The Past 12 Months (In 2023 Inflation-Adjusted Dollars) For The Full-Time, Year-Round Civilian Employed Population 16 Years And Over",https://data.census.gov/table?q=S2414&g=050XX00US30049,"U.S. Census Bureau. Industry By Sex And Median Earnings In The Past 12 Months (In 2023 Inflation-Adjusted Dollars) For The Full-Time, Year-Round Civilian Employed Population 16 Years And Over. American Community Survey 5-Year Estimates. Table S2414."
Industry Earnings,S2414_C01_008,Median earnings (Total) in Retail trade.,"Industry By Sex And Median Earnings In The Past 12 Months (In 2023 Inflation-Adjusted Dollars) For The Full-Time, Year-Round Civilian Employed Population 16 Years And Over",https://data.census.gov/table?q=S2414&g=050XX00US30049,"U.S. Census Bureau. Industry By Sex And Median Earnings In The Past 12 Months (In 2023 Inflation-Adjusted Dollars) For The Full-Time, Year-Round Civilian Employed Population 16 Years And Over. American Community Survey 5-Year Estimates. Table S2414."
Industry Earnings,S2414_C02_008,Median earnings (Male) in Retail trade.,"Industry By Sex And Median Earnings In The Past 12 Months (In 2023 Inflation-Adjusted Dollars) For The Full-Time, Year-Round Civilian Employed Population 16 Years And Over",https://data.census.gov/table?q=S2414&g=050XX00US30049,"U.S. Census Bureau. Industry By Sex And Median Earnings In The Past 12 Months (In 2023 Inflation-Adjusted Dollars) For The Full-Time, Year-Round Civilian Employed Population 16 Years And Over. American Community Survey 5-Year Estimates. Table S2414."
Industry Earnings,S2414_C03_008,Median earnings (Female) in Retail trade.,"Industry By Sex And Median Earnings In The Past 12 Months (In 2023 Inflation-Adjusted Dollars) For The Full-Time, Year-Round Civilian Employed Population 16 Years And Over",https://data.census.gov/table?q=S2414&g=050XX00US30049,"U.S. Census Bureau. Industry By Sex And Median Earnings In The Past 12 Months (In 2023 Inflation-Adjusted Dollars) For The Full-Time, Year-Round Civilian Employed Population 16 Years And Over. American Community Survey 5-Year Estimates. Table S2414."
Industry Earnings,S2414_C01_009,"Median earnings (Total) in Transportation and warehousing, and utilities.","Industry By Sex And Median Earnings In The Past 12 Months (In 2023 Inflation-Adjusted Dollars) For The Full-Time, Year-Round Civilian Employed Population 16 Years And Over",https://data.census.gov/table?q=S2414&g=050XX00US30049,"U.S. Census Bureau. Industry By Sex And Median Earnings In The Past 12 Months (In 2023 Inflation-Adjusted Dollars) For The Full-Time, Year-Round Civilian Employed Population 16 Years And Over. American Community Survey 5-Year Estimates. Table S2414."
Industry Earnings,S2414_C02_009,"Median earnings (Male) in Transportation and warehousing, and utilities.","Industry By Sex And Median Earnings In The Past 12 Months (In 2023 Inflation-Adjusted Dollars) For The Full-Time, Year-Round Civilian Employed Population 16 Years And Over",https://data.census.gov/table?q=S2414&g=050XX00US30049,"U.S. Census Bureau. Industry By Sex And Median Earnings In The Past 12 Months (In 2023 Inflation-Adjusted Dollars) For The Full-Time, Year-Round Civilian Employed Population 16 Years And Over. American Community Survey 5-Year Estimates. Table S2414."
Industry Earnings,S2414_C03_009,"Median earnings (Female) in Transportation and warehousing, and utilities.","Industry By Sex And Median Earnings In The Past 12 Months (In 2023 Inflation-Adjusted Dollars) For The Full-Time, Year-Round Civilian Employed Population 16 Years And Over",https://data.census.gov/table?q=S2414&g=050XX00US30049,"U.S. Census Bureau. Industry By Sex And Median Earnings In The Past 12 Months (In 2023 Inflation-Adjusted Dollars) For The Full-Time, Year-Round Civilian Employed Population 16 Years And Over. American Community Survey 5-Year Estimates. Table S2414."
Industry Earnings,S2414_C01_012,Median earnings (Total) in Information.,"Industry By Sex And Median Earnings In The Past 12 Months (In 2023 Inflation-Adjusted Dollars) For The Full-Time, Year-Round Civilian Employed Population 16 Years And Over",https://data.census.gov/table?q=S2414&g=050XX00US30049,"U.S. Census Bureau. Industry By Sex And Median Earnings In The Past 12 Months (In 2023 Inflation-Adjusted Dollars) For The Full-Time, Year-Round Civilian Employed Population 16 Years And Over. American Community Survey 5-Year Estimates. Table S2414."
Industry Earnings,S2414_C02_012,Median earnings (Male) in Information.,"Industry By Sex And Median Earnings In The Past 12 Months (In 2023 Inflation-Adjusted Dollars) For The Full-Time, Year-Round Civilian Employed Population 16 Years And Over",https://data.census.gov/table?q=S2414&g=050XX00US30049,"U.S. Census Bureau. Industry By Sex And Median Earnings In The Past 12 Months (In 2023 Inflation-Adjusted Dollars) For The Full-Time, Year-Round Civilian Employed Population 16 Years And Over. American Community Survey 5-Year Estimates. Table S2414."
Industry Earnings,S2414_C03_012,Median earnings (Female) in Information.,"Industry By Sex And Median Earnings In The Past 12 Months (In 2023 Inflation-Adjusted Dollars) For The Full-Time, Year-Round Civilian Employed Population 16 Years And Over",https://data.census.gov/table?q=S2414&g=050XX00US30049,"U.S. Census Bureau. Industry By Sex And Median Earnings In The Past 12 Months (In 2023 Inflation-Adjusted Dollars) For The Full-Time, Year-Round Civilian Employed Population 16 Years And Over. American Community Survey 5-Year Estimates. Table S2414."
Industry Earnings,S2414_C01_013,"Median earnings (Total) in Finance and insurance, and real estate and rental and leasing.","Industry By Sex And Median Earnings In The Past 12 Months (In 2023 Inflation-Adjusted Dollars) For The Full-Time, Year-Round Civilian Employed Population 16 Years And Over",https://data.census.gov/table?q=S2414&g=050XX00US30049,"U.S. Census Bureau. Industry By Sex And Median Earnings In The Past 12 Months (In 2023 Inflation-Adjusted Dollars) For The Full-Time, Year-Round Civilian Employed Population 16 Years And Over. American Community Survey 5-Year Estimates. Table S2414."
Industry Earnings,S2414_C02_013,"Median earnings (Male) in Finance and insurance, and real estate and rental and leasing.","Industry By Sex And Median Earnings In The Past 12 Months (In 2023 Inflation-Adjusted Dollars) For The Full-Time, Year-Round Civilian Employed Population 16 Years And Over",https://data.census.gov/table?q=S2414&g=050XX00US30049,"U.S. Census Bureau. Industry By Sex And Median Earnings In The Past 12 Months (In 2023 Inflation-Adjusted Dollars) For The Full-Time, Year-Round Civilian Employed Population 16 Years And Over. American Community Survey 5-Year Estimates. Table S2414."
Industry Earnings,S2414_C03_013,"Median earnings (Female) in Finance and insurance, and real estate and rental and leasing.","Industry By Sex And Median Earnings In The Past 12 Months (In 2023 Inflation-Adjusted Dollars) For The Full-Time, Year-Round Civilian Employed Population 16 Years And Over",https://data.census.gov/table?q=S2414&g=050XX00US30049,"U.S. Census Bureau. Industry By Sex And Median Earnings In The Past 12 Months (In 2023 Inflation-Adjusted Dollars) For The Full-Time, Year-Round Civilian Employed Population 16 Years And Over. American Community Survey 5-Year Estimates. Table S2414."
Industry Earnings,S2414_C01_016,"Median earnings (Total) in Professional, scientific, and management, and administrative and waste management services.","Industry By Sex And Median Earnings In The Past 12 Months (In 2023 Inflation-Adjusted Dollars) For The Full-Time, Year-Round Civilian Employed Population 16 Years And Over",https://data.census.gov/table?q=S2414&g=050XX00US30049,"U.S. Census Bureau. Industry By Sex And Median Earnings In The Past 12 Months (In 2023 Inflation-Adjusted Dollars) For The Full-Time, Year-Round Civilian Employed Population 16 Years And Over. American Community Survey 5-Year Estimates. Table S2414."
Industry Earnings,S2414_C02_016,"Median earnings (Male) in Professional, scientific, and management, and administrative and waste management services.","Industry By Sex And Median Earnings In The Past 12 Months (In 2023 Inflation-Adjusted Dollars) For The Full-Time, Year-Round Civilian Employed Population 16 Years And Over",https://data.census.gov/table?q=S2414&g=050XX00US30049,"U.S. Census Bureau. Industry By Sex And Median Earnings In The Past 12 Months (In 2023 Inflation-Adjusted Dollars) For The Full-Time, Year-Round Civilian Employed Population 16 Years And Over. American Community Survey 5-Year Estimates. Table S2414."
Industry Earnings,S2414_C03_016,"Median earnings (Female) in Professional, scientific, and management, and administrative and waste management services.","Industry By Sex And Median Earnings In The Past 12 Months (In 2023 Inflation-Adjusted Dollars) For The Full-Time, Year-Round Civilian Employed Population 16 Years And Over",https://data.census.gov/table?q=S2414&g=050XX00US30049,"U.S. Census Bureau. Industry By Sex And Median Earnings In The Past 12 Months (In 2023 Inflation-Adjusted Dollars) For The Full-Time, Year-Round Civilian Employed Population 16 Years And Over. American Community Survey 5-Year Estimates. Table S2414."
Industry Earnings,S2414_C01_020,"Median earnings (Total) in Educational services, and health care and social assistance.","Industry By Sex And Median Earnings In The Past 12 Months (In 2023 Inflation-Adjusted Dollars) For The Full-Time, Year-Round Civilian Employed Population 16 Years And Over",https://data.census.gov/table?q=S2414&g=050XX00US30049,"U.S. Census Bureau. Industry By Sex And Median Earnings In The Past 12 Months (In 2023 Inflation-Adjusted Dollars) For The Full-Time, Year-Round Civilian Employed Population 16 Years And Over. American Community Survey 5-Year Estimates. Table S2414."
Industry Earnings,S2414_C02_020,"Median earnings (Male) in Educational services, and health care and social assistance.","Industry By Sex And Median Earnings In The Past 12 Months (In 2023 Inflation-Adjusted Dollars) For The Full-Time, Year-Round Civilian Employed Population 16 Years And Over",https://data.census.gov/table?q=S2414&g=050XX00US30049,"U.S. Census Bureau. Industry By Sex And Median Earnings In The Past 12 Months (In 2023 Inflation-Adjusted Dollars) For The Full-Time, Year-Round Civilian Employed Population 16 Years And Over. American Community Survey 5-Year Estimates. Table S2414."
Industry Earnings,S2414_C03_020,"Median earnings (Female) in Educational services, and health care and social assistance.","Industry By Sex And Median Earnings In The Past 12 Months (In 2023 Inflation-Adjusted Dollars) For The Full-Time, Year-Round Civilian Employed Population 16 Years And Over",https://data.census.gov/table?q=S2414&g=050XX00US30049,"U.S. Census Bureau. Industry By Sex And Median Earnings In The Past 12 Months (In 2023 Inflation-Adjusted Dollars) For The Full-Time, Year-Round Civilian Employed Population 16 Years And Over. American Community Survey 5-Year Estimates. Table S2414."
Industry Earnings,S2414_C01_023,"Median earnings (Total) in Arts, entertainment, and recreation, and accommodation and food services.","Industry By Sex And Median Earnings In The Past 12 Months (In 2023 Inflation-Adjusted Dollars) For The Full-Time, Year-Round Civilian Employed Population 16 Years And Over",https://data.census.gov/table?q=S2414&g=050XX00US30049,"U.S. Census Bureau. Industry By Sex And Median Earnings In The Past 12 Months (In 2023 Inflation-Adjusted Dollars) For The Full-Time, Year-Round Civilian Employed Population 16 Years And Over. American Community Survey 5-Year Estimates. Table S2414."
Industry Earnings,S2414_C02_023,"Median earnings (Male) in Arts, entertainment, and recreation, and accommodation and food services.","Industry By Sex And Median Earnings In The Past 12 Months (In 2023 Inflation-Adjusted Dollars) For The Full-Time, Year-Round Civilian Employed Population 16 Years And Over",https://data.census.gov/table?q=S2414&g=050XX00US30049,"U.S. Census Bureau. Industry By Sex And Median Earnings In The Past 12 Months (In 2023 Inflation-Adjusted Dollars) For The Full-Time, Year-Round Civilian Employed Population 16 Years And Over. American Community Survey 5-Year Estimates. Table S2414."
Industry Earnings,S2414_C03_023,"Median earnings (Female) in Arts, entertainment, and recreation, and accommodation and food services.","Industry By Sex And Median Earnings In The Past 12 Months (In 2023 Inflation-Adjusted Dollars) For The Full-Time, Year-Round Civilian Employed Population 16 Years And Over",https://data.census.gov/table?q=S2414&g=050XX00US30049,"U.S. Census Bureau. Industry By Sex And Median Earnings In The Past 12 Months (In 2023 Inflation-Adjusted Dollars) For The Full-Time, Year-Round Civilian Employed Population 16 Years And Over. American Community Survey 5-Year Estimates. Table S2414."
Industry Earnings,S2414_C01_026,"Median earnings (Total) in Other services, except public administration.","Industry By Sex And Median Earnings In The Past 12 Months (In 2023 Inflation-Adjusted Dollars) For The Full-Time, Year-Round Civilian Employed Population 16 Years And Over",https://data.census.gov/table?q=S2414&g=050XX00US30049,"U.S. Census Bureau. Industry By Sex And Median Earnings In The Past 12 Months (In 2023 Inflation-Adjusted Dollars) For The Full-Time, Year-Round Civilian Employed Population 16 Years And Over. American Community Survey 5-Year Estimates. Table S2414."
Industry Earnings,S2414_C02_026,"Median earnings (Male) in Other services, except public administration.","Industry By Sex And Median Earnings In The Past 12 Months (In 2023 Inflation-Adjusted Dollars) For The Full-Time, Year-Round Civilian Employed Population 16 Years And Over",https://data.census.gov/table?q=S2414&g=050XX00US30049,"U.S. Census Bureau. Industry By Sex And Median Earnings In The Past 12 Months (In 2023 Inflation-Adjusted Dollars) For The Full-Time, Year-Round Civilian Employed Population 16 Years And Over. American Community Survey 5-Year Estimates. Table S2414."
Industry Earnings,S2414_C03_026,"Median earnings (Female) in Other services, except public administration.","Industry By Sex And Median Earnings In The Past 12 Months (In 2023 Inflation-Adjusted Dollars) For The Full-Time, Year-Round Civilian Employed Population 16 Years And Over",https://data.census.gov/table?q=S2414&g=050XX00US30049,"U.S. Census Bureau. Industry By Sex And Median Earnings In The Past 12 Months (In 2023 Inflation-Adjusted Dollars) For The Full-Time, Year-Round Civilian Employed Population 16 Years And Over. American Community Survey 5-Year Estimates. Table S2414."
Industry Earnings,S2414_C01_027,Median earnings (Total) in Public administration.,"Industry By Sex And Median Earnings In The Past 12 Months (In 2023 Inflation-Adjusted Dollars) For The Full-Time, Year-Round Civilian Employed Population 16 Years And Over",https://data.census.gov/table?q=S2414&g=050XX00US30049,"U.S. Census Bureau. Industry By Sex And Median Earnings In The Past 12 Months (In 2023 Inflation-Adjusted Dollars) For The Full-Time, Year-Round Civilian Employed Population 16 Years And Over. American Community Survey 5-Year Estimates. Table S2414."
Industry Earnings,S2414_C02_027,Median earnings (Male) in Public administration.,"Industry By Sex And Median Earnings In The Past 12 Months (In 2023 Inflation-Adjusted Dollars) For The Full-Time, Year-Round Civilian Employed Population 16 Years And Over",https://data.census.gov/table?q=S2414&g=050XX00US30049,"U.S. Census Bureau. Industry By Sex And Median Earnings In The Past 12 Months (In 2023 Inflation-Adjusted Dollars) For The Full-Time, Year-Round Civilian Employed Population 16 Years And Over. American Community Survey 5-Year Estimates. Table S2414."
Industry Earnings,S2414_C03_027,Median earnings (Female) in Public administration.,"Industry By Sex And Median Earnings In The Past 12 Months (In 2023 Inflation-Adjusted Dollars) For The Full-Time, Year-Round Civilian Employed Population 16 Years And Over",https://data.census.gov/table?q=S2414&g=050XX00US30049,"U.S. Census Bureau. Industry By Sex And Median Earnings In The Past 12 Months (In 2023 Inflation-Adjusted Dollars) For The Full-Time, Year-Round Civilian Employed Population 16 Years And Over. American Community Survey 5-Year Estimates. Table S2414."
Age Sex Detail,Calculated (B01001): 0-4 years,Total population (and by sex) aged 0 to 4 years.,NA: custom calculated metric,NA,Manually calculated variable from one or more U.S. Census Bureau Estimates.
Age Sex Detail,Calculated (B01001): 5-9 years,Total population (and by sex) aged 5 to 9 years.,NA: custom calculated metric,NA,Manually calculated variable from one or more U.S. Census Bureau Estimates.
Age Sex Detail,Calculated (B01001): 10-14 years,Total population (and by sex) aged 10 to 14 years.,NA: custom calculated metric,NA,Manually calculated variable from one or more U.S. Census Bureau Estimates.
Age Sex Detail,Calculated (B01001): 15-19 years,Total population (and by sex) aged 15 to 19 years.,NA: custom calculated metric,NA,Manually calculated variable from one or more U.S. Census Bureau Estimates.
Age Sex Detail,Calculated (B01001): 20-24 years,Total population (and by sex) aged 20 to 24 years.,NA: custom calculated metric,NA,Manually calculated variable from one or more U.S. Census Bureau Estimates.
Age Sex Detail,Calculated (B01001): 25-29 years,Total population (and by sex) aged 25 to 29 years.,NA: custom calculated metric,NA,Manually calculated variable from one or more U.S. Census Bureau Estimates.
Age Sex Detail,Calculated (B01001): 30-34 years,Total population (and by sex) aged 30 to 34 years.,NA: custom calculated metric,NA,Manually calculated variable from one or more U.S. Census Bureau Estimates.
Age Sex Detail,Calculated (B01001): 35-39 years,Total population (and by sex) aged 35 to 39 years.,NA: custom calculated metric,NA,Manually calculated variable from one or more U.S. Census Bureau Estimates.
Age Sex Detail,Calculated (B01001): 40-44 years,Total population (and by sex) aged 40 to 44 years.,NA: custom calculated metric,NA,Manually calculated variable from one or more U.S. Census Bureau Estimates.
Age Sex Detail,Calculated (B01001): 45-49 years,Total population (and by sex) aged 45 to 49 years.,NA: custom calculated metric,NA,Manually calculated variable from one or more U.S. Census Bureau Estimates.
Age Sex Detail,Calculated (B01001): 50-54 years,Total population (and by sex) aged 50 to 54 years.,NA: custom calculated metric,NA,Manually calculated variable from one or more U.S. Census Bureau Estimates.
Age Sex Detail,Calculated (B01001): 55-59 years,Total population (and by sex) aged 55 to 59 years.,NA: custom calculated metric,NA,Manually calculated variable from one or more U.S. Census Bureau Estimates.
Age Sex Detail,Calculated (B01001): 60-64 years,Total population (and by sex) aged 60 to 64 years.,NA: custom calculated metric,NA,Manually calculated variable from one or more U.S. Census Bureau Estimates.
Age Sex Detail,Calculated (B01001): 65-69 years,Total population (and by sex) aged 65 to 69 years.,NA: custom calculated metric,NA,Manually calculated variable from one or more U.S. Census Bureau Estimates.
Age Sex Detail,Calculated (B01001): 70-74 years,Total population (and by sex) aged 70 to 74 years.,NA: custom calculated metric,NA,Manually calculated variable from one or more U.S. Census Bureau Estimates.
Age Sex Detail,Calculated (B01001): 75-79 years,Total population (and by sex) aged 75 to 79 years.,NA: custom calculated metric,NA,Manually calculated variable from one or more U.S. Census Bureau Estimates.
Age Sex Detail,Calculated (B01001): 80-84 years,Total population (and by sex) aged 80 to 84 years.,NA: custom calculated metric,NA,Manually calculated variable from one or more U.S. Census Bureau Estimates.
Age Sex Detail,Calculated (B01001): 85+ years,Total population (and by sex) aged 85 years and over.,NA: custom calculated metric,NA,Manually calculated variable from one or more U.S. Census Bureau Estimates.
